omega_keV,dPhi_dw_ma0keV_cm2_s_keV,dPhi_dw_ma10keV_cm2_s_keV,dPhi_dw_ma130keV_cm2_s_keV
0.0500,3.417595e+07,0.000000e+00,0.000000e+00
0.0900,1.420373e+08,0.000000e+00,0.000000e+00
0.1300,3.420730e+08,0.000000e+00,0.000000e+00
0.1699,6.437408e+08,0.000000e+00,0.000000e+00
0.2099,1.051850e+09,0.000000e+00,0.000000e+00
0.2499,1.568149e+09,0.000000e+00,0.000000e+00
0.2899,2.192216e+09,0.000000e+00,0.000000e+00
0.3299,2.922043e+09,0.000000e+00,0.000000e+00
0.3698,3.754429e+09,0.000000e+00,0.000000e+00
0.4098,4.685284e+09,0.000000e+00,0.000000e+00
0.4498,5.709845e+09,0.000000e+00,0.000000e+00
0.4898,6.822861e+09,0.000000e+00,0.000000e+00
0.5298,8.018721e+09,0.000000e+00,0.000000e+00
0.5697,9.291577e+09,0.000000e+00,0.000000e+00
0.6097,1.063543e+10,0.000000e+00,0.000000e+00
0.6497,1.204419e+10,0.000000e+00,0.000000e+00
0.6897,1.351178e+10,0.000000e+00,0.000000e+00
0.7297,1.503214e+10,0.000000e+00,0.000000e+00
0.7696,1.659928e+10,0.000000e+00,0.000000e+00
0.8096,1.820732e+10,0.000000e+00,0.000000e+00
0.8496,1.985054e+10,0.000000e+00,0.000000e+00
0.8896,2.152335e+10,0.000000e+00,0.000000e+00
0.9296,2.322036e+10,0.000000e+00,0.000000e+00
0.9695,2.493636e+10,0.000000e+00,0.000000e+00
1.0095,2.666634e+10,0.000000e+00,0.000000e+00
1.0495,2.840551e+10,0.000000e+00,0.000000e+00
1.0895,3.014928e+10,0.000000e+00,0.000000e+00
1.1295,3.189329e+10,0.000000e+00,0.000000e+00
1.1694,3.363341e+10,0.000000e+00,0.000000e+00
1.2094,3.536570e+10,0.000000e+00,0.000000e+00
1.2494,3.708648e+10,0.000000e+00,0.000000e+00
1.2894,3.879226e+10,0.000000e+00,0.000000e+00
1.3294,4.047978e+10,0.000000e+00,0.000000e+00
1.3693,4.214598e+10,0.000000e+00,0.000000e+00
1.4093,4.378802e+10,0.000000e+00,0.000000e+00
1.4493,4.540325e+10,0.000000e+00,0.000000e+00
1.4893,4.698923e+10,0.000000e+00,0.000000e+00
1.5293,4.854372e+10,0.000000e+00,0.000000e+00
1.5692,5.006463e+10,0.000000e+00,0.000000e+00
1.6092,5.155008e+10,0.000000e+00,0.000000e+00
1.6492,5.299835e+10,0.000000e+00,0.000000e+00
1.6892,5.440791e+10,0.000000e+00,0.000000e+00
1.7292,5.577736e+10,0.000000e+00,0.000000e+00
1.7691,5.710547e+10,0.000000e+00,0.000000e+00
1.8091,5.839115e+10,0.000000e+00,0.000000e+00
1.8491,5.963347e+10,0.000000e+00,0.000000e+00
1.8891,6.083160e+10,0.000000e+00,0.000000e+00
1.9291,6.198487e+10,0.000000e+00,0.000000e+00
1.9690,6.309272e+10,0.000000e+00,0.000000e+00
2.0090,6.415470e+10,0.000000e+00,0.000000e+00
2.0490,6.517048e+10,0.000000e+00,0.000000e+00
2.0890,6.613983e+10,0.000000e+00,0.000000e+00
2.1290,6.706262e+10,0.000000e+00,0.000000e+00
2.1689,6.793880e+10,0.000000e+00,0.000000e+00
2.2089,6.876843e+10,0.000000e+00,0.000000e+00
2.2489,6.955163e+10,0.000000e+00,0.000000e+00
2.2889,7.028860e+10,0.000000e+00,0.000000e+00
2.3289,7.097963e+10,0.000000e+00,0.000000e+00
2.3688,7.162505e+10,0.000000e+00,0.000000e+00
2.4088,7.222527e+10,0.000000e+00,0.000000e+00
2.4488,7.278076e+10,0.000000e+00,0.000000e+00
2.4888,7.329203e+10,0.000000e+00,0.000000e+00
2.5288,7.375965e+10,0.000000e+00,0.000000e+00
2.5687,7.418422e+10,0.000000e+00,0.000000e+00
2.6087,7.456640e+10,0.000000e+00,0.000000e+00
2.6487,7.490689e+10,0.000000e+00,0.000000e+00
2.6887,7.520640e+10,0.000000e+00,0.000000e+00
2.7287,7.546570e+10,0.000000e+00,0.000000e+00
2.7686,7.568556e+10,0.000000e+00,0.000000e+00
2.8086,7.586680e+10,0.000000e+00,0.000000e+00
2.8486,7.601025e+10,0.000000e+00,0.000000e+00
2.8886,7.611676e+10,0.000000e+00,0.000000e+00
2.9286,7.618720e+10,0.000000e+00,0.000000e+00
2.9685,7.622244e+10,0.000000e+00,0.000000e+00
3.0085,7.622339e+10,0.000000e+00,0.000000e+00
3.0485,7.619095e+10,0.000000e+00,0.000000e+00
3.0885,7.612603e+10,0.000000e+00,0.000000e+00
3.1285,7.602954e+10,0.000000e+00,0.000000e+00
3.1684,7.590242e+10,0.000000e+00,0.000000e+00
3.2084,7.574558e+10,0.000000e+00,0.000000e+00
3.2484,7.555994e+10,0.000000e+00,0.000000e+00
3.2884,7.534644e+10,0.000000e+00,0.000000e+00
3.3284,7.510599e+10,0.000000e+00,0.000000e+00
3.3683,7.483950e+10,0.000000e+00,0.000000e+00
3.4083,7.454791e+10,0.000000e+00,0.000000e+00
3.4483,7.423210e+10,0.000000e+00,0.000000e+00
3.4883,7.389298e+10,0.000000e+00,0.000000e+00
3.5283,7.353143e+10,0.000000e+00,0.000000e+00
3.5682,7.314835e+10,0.000000e+00,0.000000e+00
3.6082,7.274461e+10,0.000000e+00,0.000000e+00
3.6482,7.232106e+10,0.000000e+00,0.000000e+00
3.6882,7.187855e+10,0.000000e+00,0.000000e+00
3.7282,7.141793e+10,0.000000e+00,0.000000e+00
3.7681,7.094001e+10,0.000000e+00,0.000000e+00
3.8081,7.044561e+10,0.000000e+00,0.000000e+00
3.8481,6.993553e+10,0.000000e+00,0.000000e+00
3.8881,6.941056e+10,0.000000e+00,0.000000e+00
3.9281,6.887145e+10,0.000000e+00,0.000000e+00
3.9680,6.831897e+10,0.000000e+00,0.000000e+00
4.0080,6.775385e+10,0.000000e+00,0.000000e+00
4.0480,6.717682e+10,0.000000e+00,0.000000e+00
4.0880,6.658858e+10,0.000000e+00,0.000000e+00
4.1280,6.598984e+10,0.000000e+00,0.000000e+00
4.1679,6.538126e+10,0.000000e+00,0.000000e+00
4.2079,6.476351e+10,0.000000e+00,0.000000e+00
4.2479,6.413723e+10,0.000000e+00,0.000000e+00
4.2879,6.350304e+10,0.000000e+00,0.000000e+00
4.3279,6.286157e+10,0.000000e+00,0.000000e+00
4.3678,6.221340e+10,0.000000e+00,0.000000e+00
4.4078,6.155912e+10,0.000000e+00,0.000000e+00
4.4478,6.089928e+10,0.000000e+00,0.000000e+00
4.4878,6.023445e+10,0.000000e+00,0.000000e+00
4.5278,5.956514e+10,0.000000e+00,0.000000e+00
4.5677,5.889187e+10,0.000000e+00,0.000000e+00
4.6077,5.821515e+10,0.000000e+00,0.000000e+00
4.6477,5.753546e+10,0.000000e+00,0.000000e+00
4.6877,5.685326e+10,0.000000e+00,0.000000e+00
4.7277,5.616901e+10,0.000000e+00,0.000000e+00
4.7676,5.548316e+10,0.000000e+00,0.000000e+00
4.8076,5.479611e+10,0.000000e+00,0.000000e+00
4.8476,5.410829e+10,0.000000e+00,0.000000e+00
4.8876,5.342009e+10,0.000000e+00,0.000000e+00
4.9276,5.273189e+10,0.000000e+00,0.000000e+00
4.9675,5.204405e+10,0.000000e+00,0.000000e+00
5.0075,5.135693e+10,0.000000e+00,0.000000e+00
5.0475,5.067086e+10,0.000000e+00,0.000000e+00
5.0875,4.998618e+10,0.000000e+00,0.000000e+00
5.1275,4.930320e+10,0.000000e+00,0.000000e+00
5.1674,4.862222e+10,0.000000e+00,0.000000e+00
5.2074,4.794351e+10,0.000000e+00,0.000000e+00
5.2474,4.726737e+10,0.000000e+00,0.000000e+00
5.2874,4.659406e+10,0.000000e+00,0.000000e+00
5.3274,4.592382e+10,0.000000e+00,0.000000e+00
5.3673,4.525689e+10,0.000000e+00,0.000000e+00
5.4073,4.459352e+10,0.000000e+00,0.000000e+00
5.4473,4.393391e+10,0.000000e+00,0.000000e+00
5.4873,4.327827e+10,0.000000e+00,0.000000e+00
5.5273,4.262680e+10,0.000000e+00,0.000000e+00
5.5672,4.197968e+10,0.000000e+00,0.000000e+00
5.6072,4.133710e+10,0.000000e+00,0.000000e+00
5.6472,4.069923e+10,0.000000e+00,0.000000e+00
5.6872,4.006621e+10,0.000000e+00,0.000000e+00
5.7272,3.943820e+10,0.000000e+00,0.000000e+00
5.7671,3.881535e+10,0.000000e+00,0.000000e+00
5.8071,3.819777e+10,0.000000e+00,0.000000e+00
5.8471,3.758560e+10,0.000000e+00,0.000000e+00
5.8871,3.697896e+10,0.000000e+00,0.000000e+00
5.9271,3.637794e+10,0.000000e+00,0.000000e+00
5.9670,3.578265e+10,0.000000e+00,0.000000e+00
6.0070,3.519318e+10,0.000000e+00,0.000000e+00
6.0470,3.460962e+10,0.000000e+00,0.000000e+00
6.0870,3.403204e+10,0.000000e+00,0.000000e+00
6.1270,3.346052e+10,0.000000e+00,0.000000e+00
6.1669,3.289513e+10,0.000000e+00,0.000000e+00
6.2069,3.233591e+10,0.000000e+00,0.000000e+00
6.2469,3.178293e+10,0.000000e+00,0.000000e+00
6.2869,3.123623e+10,0.000000e+00,0.000000e+00
6.3269,3.069586e+10,0.000000e+00,0.000000e+00
6.3668,3.016184e+10,0.000000e+00,0.000000e+00
6.4068,2.963422e+10,0.000000e+00,0.000000e+00
6.4468,2.911302e+10,0.000000e+00,0.000000e+00
6.4868,2.859825e+10,0.000000e+00,0.000000e+00
6.5268,2.808993e+10,0.000000e+00,0.000000e+00
6.5667,2.758809e+10,0.000000e+00,0.000000e+00
6.6067,2.709271e+10,0.000000e+00,0.000000e+00
6.6467,2.660382e+10,0.000000e+00,0.000000e+00
6.6867,2.612140e+10,0.000000e+00,0.000000e+00
6.7267,2.564545e+10,0.000000e+00,0.000000e+00
6.7666,2.517597e+10,0.000000e+00,0.000000e+00
6.8066,2.471295e+10,0.000000e+00,0.000000e+00
6.8466,2.425636e+10,0.000000e+00,0.000000e+00
6.8866,2.380620e+10,0.000000e+00,0.000000e+00
6.9266,2.336243e+10,0.000000e+00,0.000000e+00
6.9665,2.292505e+10,0.000000e+00,0.000000e+00
7.0065,2.249401e+10,0.000000e+00,0.000000e+00
7.0465,2.206930e+10,0.000000e+00,0.000000e+00
7.0865,2.165087e+10,0.000000e+00,0.000000e+00
7.1265,2.123870e+10,0.000000e+00,0.000000e+00
7.1664,2.083275e+10,0.000000e+00,0.000000e+00
7.2064,2.043299e+10,0.000000e+00,0.000000e+00
7.2464,2.003936e+10,0.000000e+00,0.000000e+00
7.2864,1.965183e+10,0.000000e+00,0.000000e+00
7.3264,1.927036e+10,0.000000e+00,0.000000e+00
7.3663,1.889489e+10,0.000000e+00,0.000000e+00
7.4063,1.852539e+10,0.000000e+00,0.000000e+00
7.4463,1.816180e+10,0.000000e+00,0.000000e+00
7.4863,1.780407e+10,0.000000e+00,0.000000e+00
7.5263,1.745216e+10,0.000000e+00,0.000000e+00
7.5662,1.710600e+10,0.000000e+00,0.000000e+00
7.6062,1.676554e+10,0.000000e+00,0.000000e+00
7.6462,1.643074e+10,0.000000e+00,0.000000e+00
7.6862,1.610153e+10,0.000000e+00,0.000000e+00
7.7262,1.577786e+10,0.000000e+00,0.000000e+00
7.7661,1.545966e+10,0.000000e+00,0.000000e+00
7.8061,1.514689e+10,0.000000e+00,0.000000e+00
7.8461,1.483948e+10,0.000000e+00,0.000000e+00
7.8861,1.453737e+10,0.000000e+00,0.000000e+00
7.9261,1.424051e+10,0.000000e+00,0.000000e+00
7.9660,1.394882e+10,0.000000e+00,0.000000e+00
8.0060,1.366226e+10,0.000000e+00,0.000000e+00
8.0460,1.338075e+10,0.000000e+00,0.000000e+00
8.0860,1.310425e+10,0.000000e+00,0.000000e+00
8.1260,1.283268e+10,0.000000e+00,0.000000e+00
8.1659,1.256598e+10,0.000000e+00,0.000000e+00
8.2059,1.230409e+10,0.000000e+00,0.000000e+00
8.2459,1.204695e+10,0.000000e+00,0.000000e+00
8.2859,1.179450e+10,0.000000e+00,0.000000e+00
8.3259,1.154667e+10,0.000000e+00,0.000000e+00
8.3658,1.130340e+10,0.000000e+00,0.000000e+00
8.4058,1.106463e+10,0.000000e+00,0.000000e+00
8.4458,1.083030e+10,0.000000e+00,0.000000e+00
8.4858,1.060034e+10,0.000000e+00,0.000000e+00
8.5258,1.037469e+10,0.000000e+00,0.000000e+00
8.5657,1.015329e+10,0.000000e+00,0.000000e+00
8.6057,9.936077e+09,0.000000e+00,0.000000e+00
8.6457,9.722991e+09,0.000000e+00,0.000000e+00
8.6857,9.513970e+09,0.000000e+00,0.000000e+00
8.7257,9.308953e+09,0.000000e+00,0.000000e+00
8.7656,9.107880e+09,0.000000e+00,0.000000e+00
8.8056,8.910690e+09,0.000000e+00,0.000000e+00
8.8456,8.717323e+09,0.000000e+00,0.000000e+00
8.8856,8.527721e+09,0.000000e+00,0.000000e+00
8.9256,8.341823e+09,0.000000e+00,0.000000e+00
8.9655,8.159571e+09,0.000000e+00,0.000000e+00
9.0055,7.980908e+09,0.000000e+00,0.000000e+00
9.0455,7.805774e+09,0.000000e+00,0.000000e+00
9.0855,7.634114e+09,0.000000e+00,0.000000e+00
9.1255,7.465871e+09,0.000000e+00,0.000000e+00
9.1654,7.300987e+09,0.000000e+00,0.000000e+00
9.2054,7.139408e+09,0.000000e+00,0.000000e+00
9.2454,6.981078e+09,0.000000e+00,0.000000e+00
9.2854,6.825943e+09,0.000000e+00,0.000000e+00
9.3254,6.673948e+09,0.000000e+00,0.000000e+00
9.3653,6.525040e+09,0.000000e+00,0.000000e+00
9.4053,6.379166e+09,0.000000e+00,0.000000e+00
9.4453,6.236273e+09,0.000000e+00,0.000000e+00
9.4853,6.096311e+09,0.000000e+00,0.000000e+00
9.5253,5.959227e+09,0.000000e+00,0.000000e+00
9.5652,5.824971e+09,0.000000e+00,0.000000e+00
9.6052,5.693492e+09,0.000000e+00,0.000000e+00
9.6452,5.564743e+09,0.000000e+00,0.000000e+00
9.6852,5.438672e+09,0.000000e+00,0.000000e+00
9.7252,5.315234e+09,0.000000e+00,0.000000e+00
9.7651,5.194379e+09,0.000000e+00,0.000000e+00
9.8051,5.076061e+09,0.000000e+00,0.000000e+00
9.8451,4.960233e+09,0.000000e+00,0.000000e+00
9.8851,4.846850e+09,0.000000e+00,0.000000e+00
9.9251,4.735867e+09,0.000000e+00,0.000000e+00
9.9650,4.627238e+09,0.000000e+00,0.000000e+00
10.0050,4.520921e+09,1.430535e+08,0.000000e+00
10.0450,4.416872e+09,4.175669e+08,0.000000e+00
10.0850,4.315047e+09,5.589580e+08,0.000000e+00
10.1249,4.215406e+09,6.602097e+08,0.000000e+00
10.1649,4.117906e+09,7.387884e+08,0.000000e+00
10.2049,4.022507e+09,8.020427e+08,0.000000e+00
10.2449,3.929169e+09,8.539578e+08,0.000000e+00
10.2849,3.837851e+09,8.970127e+08,0.000000e+00
10.3248,3.748515e+09,9.328900e+08,0.000000e+00
10.3648,3.661122e+09,9.628033e+08,0.000000e+00
10.4048,3.575635e+09,9.876675e+08,0.000000e+00
10.4448,3.492016e+09,1.008197e+09,0.000000e+00
10.4848,3.410229e+09,1.024962e+09,0.000000e+00
10.5247,3.330237e+09,1.038433e+09,0.000000e+00
10.5647,3.252005e+09,1.048998e+09,0.000000e+00
10.6047,3.175498e+09,1.056987e+09,0.000000e+00
10.6447,3.100681e+09,1.062683e+09,0.000000e+00
10.6847,3.027522e+09,1.066328e+09,0.000000e+00
10.7246,2.955985e+09,1.068136e+09,0.000000e+00
10.7646,2.886040e+09,1.068294e+09,0.000000e+00
10.8046,2.817653e+09,1.066966e+09,0.000000e+00
10.8446,2.750793e+09,1.064300e+09,0.000000e+00
10.8846,2.685429e+09,1.060428e+09,0.000000e+00
10.9245,2.621531e+09,1.055467e+09,0.000000e+00
10.9645,2.559068e+09,1.049523e+09,0.000000e+00
11.0045,2.498011e+09,1.042694e+09,0.000000e+00
11.0445,2.438330e+09,1.035066e+09,0.000000e+00
11.0845,2.379999e+09,1.026719e+09,0.000000e+00
11.1244,2.322987e+09,1.017726e+09,0.000000e+00
11.1644,2.267269e+09,1.008153e+09,0.000000e+00
11.2044,2.212817e+09,9.980598e+08,0.000000e+00
11.2444,2.159604e+09,9.875031e+08,0.000000e+00
11.2844,2.107605e+09,9.765336e+08,0.000000e+00
11.3243,2.056794e+09,9.651984e+08,0.000000e+00
11.3643,2.007146e+09,9.535406e+08,0.000000e+00
11.4043,1.958636e+09,9.416002e+08,0.000000e+00
11.4443,1.911240e+09,9.294139e+08,0.000000e+00
11.4843,1.864934e+09,9.170156e+08,0.000000e+00
11.5242,1.819696e+09,9.044366e+08,0.000000e+00
11.5642,1.775502e+09,8.917058e+08,0.000000e+00
11.6042,1.732330e+09,8.788500e+08,0.000000e+00
11.6442,1.690158e+09,8.658937e+08,0.000000e+00
11.6842,1.648965e+09,8.528599e+08,0.000000e+00
11.7241,1.608728e+09,8.397695e+08,0.000000e+00
11.7641,1.569429e+09,8.266421e+08,0.000000e+00
11.8041,1.531045e+09,8.134956e+08,0.000000e+00
11.8441,1.493558e+09,8.003467e+08,0.000000e+00
11.8841,1.456947e+09,7.872106e+08,0.000000e+00
11.9240,1.421194e+09,7.741015e+08,0.000000e+00
11.9640,1.386279e+09,7.610324e+08,0.000000e+00
12.0040,1.352185e+09,7.480153e+08,0.000000e+00
12.0440,1.318893e+09,7.350613e+08,0.000000e+00
12.0840,1.286386e+09,7.221804e+08,0.000000e+00
12.1239,1.254645e+09,7.093820e+08,0.000000e+00
12.1639,1.223655e+09,6.966746e+08,0.000000e+00
12.2039,1.193399e+09,6.840660e+08,0.000000e+00
12.2439,1.163859e+09,6.715633e+08,0.000000e+00
12.2839,1.135021e+09,6.591730e+08,0.000000e+00
12.3238,1.106868e+09,6.469009e+08,0.000000e+00
12.3638,1.079385e+09,6.347525e+08,0.000000e+00
12.4038,1.052557e+09,6.227325e+08,0.000000e+00
12.4438,1.026370e+09,6.108452e+08,0.000000e+00
12.4838,1.000808e+09,5.990945e+08,0.000000e+00
12.5237,9.758588e+08,5.874839e+08,0.000000e+00
12.5637,9.515070e+08,5.760164e+08,0.000000e+00
12.6037,9.277396e+08,5.646947e+08,0.000000e+00
12.6437,9.045433e+08,5.535212e+08,0.000000e+00
12.6837,8.819051e+08,5.424978e+08,0.000000e+00
12.7236,8.598123e+08,5.316263e+08,0.000000e+00
12.7636,8.382524e+08,5.209081e+08,0.000000e+00
12.8036,8.172132e+08,5.103444e+08,0.000000e+00
12.8436,7.966828e+08,4.999361e+08,0.000000e+00
12.8836,7.766495e+08,4.896839e+08,0.000000e+00
12.9235,7.571019e+08,4.795883e+08,0.000000e+00
12.9635,7.380287e+08,4.696495e+08,0.000000e+00
13.0035,7.194191e+08,4.598676e+08,0.000000e+00
13.0435,7.012623e+08,4.502426e+08,0.000000e+00
13.0835,6.835477e+08,4.407742e+08,0.000000e+00
13.1234,6.662653e+08,4.314621e+08,0.000000e+00
13.1634,6.494048e+08,4.223056e+08,0.000000e+00
13.2034,6.329565e+08,4.133042e+08,0.000000e+00
13.2434,6.169108e+08,4.044570e+08,0.000000e+00
13.2834,6.012583e+08,3.957633e+08,0.000000e+00
13.3233,5.859897e+08,3.872219e+08,0.000000e+00
13.3633,5.710961e+08,3.788319e+08,0.000000e+00
13.4033,5.565687e+08,3.705920e+08,0.000000e+00
13.4433,5.423989e+08,3.625010e+08,0.000000e+00
13.4833,5.285782e+08,3.545576e+08,0.000000e+00
13.5232,5.150985e+08,3.467603e+08,0.000000e+00
13.5632,5.019516e+08,3.391079e+08,0.000000e+00
13.6032,4.891297e+08,3.315987e+08,0.000000e+00
13.6432,4.766251e+08,3.242312e+08,0.000000e+00
13.6832,4.644303e+08,3.170038e+08,0.000000e+00
13.7231,4.525380e+08,3.099150e+08,0.000000e+00
13.7631,4.409409e+08,3.029629e+08,0.000000e+00
13.8031,4.296319e+08,2.961459e+08,0.000000e+00
13.8431,4.186043e+08,2.894624e+08,0.000000e+00
13.8831,4.078514e+08,2.829104e+08,0.000000e+00
13.9230,3.973664e+08,2.764884e+08,0.000000e+00
13.9630,3.871431e+08,2.701944e+08,0.000000e+00
14.0030,3.771751e+08,2.640266e+08,0.000000e+00
14.0430,3.674564e+08,2.579833e+08,0.000000e+00
14.0830,3.579809e+08,2.520627e+08,0.000000e+00
14.1229,3.487427e+08,2.462628e+08,0.000000e+00
14.1629,3.397362e+08,2.405819e+08,0.000000e+00
14.2029,3.309558e+08,2.350181e+08,0.000000e+00
14.2429,3.223959e+08,2.295696e+08,0.000000e+00
14.2829,3.140513e+08,2.242345e+08,0.000000e+00
14.3228,3.059168e+08,2.190110e+08,0.000000e+00
14.3628,2.979871e+08,2.138973e+08,0.000000e+00
14.4028,2.902575e+08,2.088916e+08,0.000000e+00
14.4428,2.827229e+08,2.039920e+08,0.000000e+00
14.4828,2.753787e+08,1.991967e+08,0.000000e+00
14.5227,2.682202e+08,1.945039e+08,0.000000e+00
14.5627,2.612429e+08,1.899119e+08,0.000000e+00
14.6027,2.544423e+08,1.854189e+08,0.000000e+00
14.6427,2.478141e+08,1.810231e+08,0.000000e+00
14.6827,2.413542e+08,1.767227e+08,0.000000e+00
14.7226,2.350583e+08,1.725162e+08,0.000000e+00
14.7626,2.289224e+08,1.684016e+08,0.000000e+00
14.8026,2.229427e+08,1.643774e+08,0.000000e+00
14.8426,2.171152e+08,1.604419e+08,0.000000e+00
14.8826,2.114363e+08,1.565933e+08,0.000000e+00
14.9225,2.059022e+08,1.528302e+08,0.000000e+00
14.9625,2.005093e+08,1.491507e+08,0.000000e+00
15.0025,1.952543e+08,1.455534e+08,0.000000e+00
15.0425,1.901336e+08,1.420366e+08,0.000000e+00
15.0825,1.851440e+08,1.385989e+08,0.000000e+00
15.1224,1.802822e+08,1.352385e+08,0.000000e+00
15.1624,1.755450e+08,1.319541e+08,0.000000e+00
15.2024,1.709294e+08,1.287441e+08,0.000000e+00
15.2424,1.664322e+08,1.256071e+08,0.000000e+00
15.2824,1.620506e+08,1.225415e+08,0.000000e+00
15.3223,1.577817e+08,1.195460e+08,0.000000e+00
15.3623,1.536226e+08,1.166190e+08,0.000000e+00
15.4023,1.495707e+08,1.137593e+08,0.000000e+00
15.4423,1.456232e+08,1.109654e+08,0.000000e+00
15.4823,1.417775e+08,1.082360e+08,0.000000e+00
15.5222,1.380311e+08,1.055698e+08,0.000000e+00
15.5622,1.343815e+08,1.029654e+08,0.000000e+00
15.6022,1.308262e+08,1.004216e+08,0.000000e+00
15.6422,1.273629e+08,9.793700e+07,0.000000e+00
15.6822,1.239893e+08,9.551048e+07,0.000000e+00
15.7221,1.207031e+08,9.314076e+07,0.000000e+00
15.7621,1.175022e+08,9.082664e+07,0.000000e+00
15.8021,1.143842e+08,8.856693e+07,0.000000e+00
15.8421,1.113473e+08,8.636046e+07,0.000000e+00
15.8821,1.083892e+08,8.420611e+07,0.000000e+00
15.9220,1.055081e+08,8.210272e+07,0.000000e+00
15.9620,1.027020e+08,8.004922e+07,0.000000e+00
16.0020,9.996895e+07,7.804450e+07,0.000000e+00
16.0420,9.730711e+07,7.608750e+07,0.000000e+00
16.0820,9.471470e+07,7.417719e+07,0.000000e+00
16.1219,9.218993e+07,7.231252e+07,0.000000e+00
16.1619,8.973110e+07,7.049250e+07,0.000000e+00
16.2019,8.733652e+07,6.871615e+07,0.000000e+00
16.2419,8.500456e+07,6.698247e+07,0.000000e+00
16.2819,8.273363e+07,6.529054e+07,0.000000e+00
16.3218,8.052215e+07,6.363942e+07,0.000000e+00
16.3618,7.836863e+07,6.202818e+07,0.000000e+00
16.4018,7.627156e+07,6.045595e+07,0.000000e+00
16.4418,7.422952e+07,5.892182e+07,0.000000e+00
16.4818,7.224109e+07,5.742496e+07,0.000000e+00
16.5217,7.030490e+07,5.596450e+07,0.000000e+00
16.5617,6.841961e+07,5.453963e+07,0.000000e+00
16.6017,6.658392e+07,5.314953e+07,0.000000e+00
16.6417,6.479654e+07,5.179341e+07,0.000000e+00
16.6817,6.305624e+07,5.047048e+07,0.000000e+00
16.7216,6.136181e+07,4.918000e+07,0.000000e+00
16.7616,5.971206e+07,4.792120e+07,0.000000e+00
16.8016,5.810584e+07,4.669336e+07,0.000000e+00
16.8416,5.654204e+07,4.549576e+07,0.000000e+00
16.8816,5.501956e+07,4.432770e+07,0.000000e+00
16.9215,5.353732e+07,4.318850e+07,0.000000e+00
16.9615,5.209430e+07,4.207748e+07,0.000000e+00
17.0015,5.068947e+07,4.099397e+07,0.000000e+00
17.0415,4.932185e+07,3.993735e+07,0.000000e+00
17.0815,4.799047e+07,3.890698e+07,0.000000e+00
17.1214,4.669440e+07,3.790223e+07,0.000000e+00
17.1614,4.543271e+07,3.692251e+07,0.000000e+00
17.2014,4.420452e+07,3.596723e+07,0.000000e+00
17.2414,4.300896e+07,3.503581e+07,0.000000e+00
17.2814,4.184517e+07,3.412768e+07,0.000000e+00
17.3213,4.071233e+07,3.324228e+07,0.000000e+00
17.3613,3.960964e+07,3.237909e+07,0.000000e+00
17.4013,3.853631e+07,3.153756e+07,0.000000e+00
17.4413,3.749157e+07,3.071718e+07,0.000000e+00
17.4813,3.647468e+07,2.991744e+07,0.000000e+00
17.5212,3.548491e+07,2.913786e+07,0.000000e+00
17.5612,3.452155e+07,2.837794e+07,0.000000e+00
17.6012,3.358392e+07,2.763721e+07,0.000000e+00
17.6412,3.267133e+07,2.691521e+07,0.000000e+00
17.6812,3.178314e+07,2.621148e+07,0.000000e+00
17.7211,3.091870e+07,2.552559e+07,0.000000e+00
17.7611,3.007739e+07,2.485710e+07,0.000000e+00
17.8011,2.925860e+07,2.420559e+07,0.000000e+00
17.8411,2.846175e+07,2.357065e+07,0.000000e+00
17.8811,2.768626e+07,2.295187e+07,0.000000e+00
17.9210,2.693156e+07,2.234885e+07,0.000000e+00
17.9610,2.619711e+07,2.176122e+07,0.000000e+00
18.0010,2.548238e+07,2.118860e+07,0.000000e+00
18.0410,2.478684e+07,2.063062e+07,0.000000e+00
18.0810,2.411000e+07,2.008691e+07,0.000000e+00
18.1209,2.345135e+07,1.955713e+07,0.000000e+00
18.1609,2.281042e+07,1.904094e+07,0.000000e+00
18.2009,2.218674e+07,1.853800e+07,0.000000e+00
18.2409,2.157985e+07,1.804798e+07,0.000000e+00
18.2809,2.098932e+07,1.757056e+07,0.000000e+00
18.3208,2.041470e+07,1.710544e+07,0.000000e+00
18.3608,1.985558e+07,1.665230e+07,0.000000e+00
18.4008,1.931154e+07,1.621085e+07,0.000000e+00
18.4408,1.878219e+07,1.578080e+07,0.000000e+00
18.4808,1.826714e+07,1.536187e+07,0.000000e+00
18.5207,1.776601e+07,1.495377e+07,0.000000e+00
18.5607,1.727842e+07,1.455623e+07,0.000000e+00
18.6007,1.680402e+07,1.416900e+07,0.000000e+00
18.6407,1.634246e+07,1.379181e+07,0.000000e+00
18.6807,1.589340e+07,1.342442e+07,0.000000e+00
18.7206,1.545650e+07,1.306657e+07,0.000000e+00
18.7606,1.503144e+07,1.271803e+07,0.000000e+00
18.8006,1.461791e+07,1.237857e+07,0.000000e+00
18.8406,1.421559e+07,1.204794e+07,0.000000e+00
18.8806,1.382419e+07,1.172594e+07,0.000000e+00
18.9205,1.344342e+07,1.141235e+07,0.000000e+00
18.9605,1.307299e+07,1.110694e+07,0.000000e+00
19.0005,1.271262e+07,1.080952e+07,0.000000e+00
19.0405,1.236206e+07,1.051988e+07,0.000000e+00
19.0805,1.202103e+07,1.023782e+07,0.000000e+00
19.1204,1.168928e+07,9.963154e+06,0.000000e+00
19.1604,1.136657e+07,9.695692e+06,0.000000e+00
19.2004,1.105264e+07,9.435252e+06,0.000000e+00
19.2404,1.074727e+07,9.181652e+06,0.000000e+00
19.2804,1.045022e+07,8.934720e+06,0.000000e+00
19.3203,1.016128e+07,8.694285e+06,0.000000e+00
19.3603,9.880215e+06,8.460181e+06,0.000000e+00
19.4003,9.606827e+06,8.232245e+06,0.000000e+00
19.4403,9.340906e+06,8.010320e+06,0.000000e+00
19.4803,9.082249e+06,7.794252e+06,0.000000e+00
19.5202,8.830663e+06,7.583891e+06,0.000000e+00
19.5602,8.585957e+06,7.379089e+06,0.000000e+00
19.6002,8.347945e+06,7.179704e+06,0.000000e+00
19.6402,8.116447e+06,6.985596e+06,0.000000e+00
19.6802,7.891288e+06,6.796630e+06,0.000000e+00
19.7201,7.672296e+06,6.612673e+06,0.000000e+00
19.7601,7.459306e+06,6.433596e+06,0.000000e+00
19.8001,7.252155e+06,6.259272e+06,0.000000e+00
19.8401,7.050685e+06,6.089578e+06,0.000000e+00
19.8801,6.854743e+06,5.924395e+06,0.000000e+00
19.9200,6.664180e+06,5.763606e+06,0.000000e+00
19.9600,6.478849e+06,5.607097e+06,0.000000e+00
20.0000,6.298610e+06,5.454757e+06,0.000000e+00
